[
    {
        "id": 1,
        "nombre": "Super Mario 64",
        "plataforma": "Nintendo",
        "fechaLanzamiento": "1996-06-23"
    },
    {
        "id": 2,
        "nombre": "The Legend of Zelda",
        "plataforma": "Nintendo",
        "fechaLanzamiento": "1986-02-21"
    },
    {
        "id": 3,
        "nombre": "Doom",
        "plataforma": "Nintendo",
        "fechaLanzamiento": "1993-12-10"
    },
    {
        "id": 4,
        "nombre": "Final Fantasy VII",
        "plataforma": "PlayStation",
        "fechaLanzamiento": "1997-01-31"
    },
    {
        "id": 5,
        "nombre": "Street Fighter II",
        "plataforma": "Xbox",
        "fechaLanzamiento": "1991-02-06"
    },
    {
        "id": 6,
        "nombre": "Metal Gear Solid",
        "plataforma": "Pc",
        "fechaLanzamiento": "1998-09-03"
    },
    {
        "id": 7,
        "nombre": "The Elder Scrolls V: Skyrim",
        "plataforma": "Pc",
        "fechaLanzamiento": "2011-11-11"
    },
    {
        "id": 8,
        "nombre": "Minecraft",
        "plataforma": "Pc",
        "fechaLanzamiento": "2011-11-18"
    },
    {
        "id": 9,
        "nombre": "Half-Life",
        "plataforma": "Xbox",
        "fechaLanzamiento": "1998-11-19"
    },
    {
        "id": 10,
        "nombre": "The Witcher 3",
        "plataforma": "PlayStation",
        "fechaLanzamiento": "2015-05-19"
    }
]
