<List>
    <VideoJuego>
        <id>1</id>
        <nombre>Super Mario 64</nombre>
        <plataforma>Nintendo</plataforma>
        <fechaLanzamiento>1996-06-23</fechaLanzamiento>
    </VideoJuego>
    <VideoJuego>
        <id>2</id>
        <nombre>The Legend of Zelda</nombre>
        <plataforma>Nintendo</plataforma>
        <fechaLanzamiento>1986-02-21</fechaLanzamiento>
    </VideoJuego>
    <VideoJuego>
        <id>3</id>
        <nombre>Doom</nombre>
        <plataforma>Nintendo</plataforma>
        <fechaLanzamiento>1993-12-10</fechaLanzamiento>
    </VideoJuego>
    <VideoJuego>
        <id>4</id>
        <nombre>Final Fantasy VII</nombre>
        <plataforma>PlayStation</plataforma>
        <fechaLanzamiento>1997-01-31</fechaLanzamiento>
    </VideoJuego>
    <VideoJuego>
        <id>5</id>
        <nombre>Street Fighter II</nombre>
        <plataforma>Xbox</plataforma>
        <fechaLanzamiento>1991-02-06</fechaLanzamiento>
    </VideoJuego>
    <VideoJuego>
        <id>6</id>
        <nombre>Metal Gear Solid</nombre>
        <plataforma>Pc</plataforma>
        <fechaLanzamiento>1998-09-03</fechaLanzamiento>
    </VideoJuego>
    <VideoJuego>
        <id>7</id>
        <nombre>The Elder Scrolls V: Skyrim</nombre>
        <plataforma>Pc</plataforma>
        <fechaLanzamiento>2011-11-11</fechaLanzamiento>
    </VideoJuego>
    <VideoJuego>
        <id>8</id>
        <nombre>Minecraft</nombre>
        <plataforma>Pc</plataforma>
        <fechaLanzamiento>2011-11-18</fechaLanzamiento>
    </VideoJuego>
    <VideoJuego>
        <id>9</id>
        <nombre>Half-Life</nombre>
        <plataforma>Xbox</plataforma>
        <fechaLanzamiento>1998-11-19</fechaLanzamiento>
    </VideoJuego>
    <VideoJuego>
        <id>10</id>
        <nombre>The Witcher 3</nombre>
        <plataforma>PlayStation</plataforma>
        <fechaLanzamiento>2015-05-19</fechaLanzamiento>
    </VideoJuego>
</List>
